{
  "num_chunks": 25,
  "chunk_size": 8,
  "num_steps": 200,
  "action_dim": 10,
  "overall": {
    "mae": 0.02573302754880486,
    "rmse": 0.0783192607102541,
    "max_abs": 1.1661816239356995
  },
  "per_dim": {
    "x": {
      "mae": 0.15722951304458546,
      "rmse": 0.23564484564645663,
      "max_abs": 1.1661816239356995
    },
    "y": {
      "mae": 0.021471658882219344,
      "rmse": 0.02874434341845704,
      "max_abs": 0.10179769992828369
    },
    "z": {
      "mae": 0.04061947931419127,
      "rmse": 0.06636277349707718,
      "max_abs": 0.36469003558158875
    },
    "rot6d_0": {
      "mae": 0.005316393822431565,
      "rmse": 0.007811731306569099,
      "max_abs": 0.029027879238128662
    },
    "rot6d_1": {
      "mae": 0.0035836735367774965,
      "rmse": 0.005501285712137593,
      "max_abs": 0.03233301639556885
    },
    "rot6d_2": {
      "mae": 0.008410800300189293,
      "rmse": 0.011819930586965498,
      "max_abs": 0.05300155282020569
    },
    "rot6d_3": {
      "mae": 0.004910941421985626,
      "rmse": 0.008117326555645543,
      "max_abs": 0.04030501842498779
    },
    "rot6d_4": {
      "mae": 0.006696072518825531,
      "rmse": 0.009250911758711195,
      "max_abs": 0.026551544666290283
    },
    "rot6d_5": {
      "mae": 0.009091742634773255,
      "rmse": 0.014065891693410373,
      "max_abs": 0.06393751502037048
    },
    "gripper": {
      "mae": 1.2069785549164749e-11,
      "rmse": 1.9127940865543837e-11,
      "max_abs": 5.493163909853216e-11
    }
  }
}