{
  "num_chunks": 25,
  "chunk_size": 8,
  "num_steps": 200,
  "action_dim": 10,
  "overall": {
    "mae": 0.02675309547659061,
    "rmse": 0.07560303183728062,
    "max_abs": 1.0391882508993149
  },
  "per_dim": {
    "x": {
      "mae": 0.13677364523289726,
      "rmse": 0.1913027149930715,
      "max_abs": 0.6979012489318848
    },
    "y": {
      "mae": 0.024834001458366402,
      "rmse": 0.03337065632007675,
      "max_abs": 0.17539936304092407
    },
    "z": {
      "mae": 0.061889605112373826,
      "rmse": 0.13631959024008214,
      "max_abs": 1.0391882508993149
    },
    "rot6d_0": {
      "mae": 0.006421799510717392,
      "rmse": 0.008982672257462918,
      "max_abs": 0.032768577337265015
    },
    "rot6d_1": {
      "mae": 0.005251573324203491,
      "rmse": 0.009193088066495684,
      "max_abs": 0.06456595659255981
    },
    "rot6d_2": {
      "mae": 0.010650371052324772,
      "rmse": 0.018251175656711652,
      "max_abs": 0.12870141863822937
    },
    "rot6d_3": {
      "mae": 0.005038426220417023,
      "rmse": 0.0072695960687227685,
      "max_abs": 0.020446062088012695
    },
    "rot6d_4": {
      "mae": 0.006398515999317169,
      "rmse": 0.009164250776528625,
      "max_abs": 0.03742063045501709
    },
    "rot6d_5": {
      "mae": 0.010273016840219498,
      "rmse": 0.015155424061330827,
      "max_abs": 0.0799238383769989
    },
    "gripper": {
      "mae": 1.5069287911419466e-11,
      "rmse": 2.2195141789822107e-11,
      "max_abs": 7.40098954343793e-11
    }
  }
}