{
  "total_steps": 19237,
  "action_dim": 10,
  "num_segments": 20,
  "segment_length": 30,
  "segment_starts": [
    0,
    1011,
    2022,
    3033,
    4044,
    5054,
    6065,
    7076,
    8087,
    9098,
    10109,
    11120,
    12131,
    13142,
    14153,
    15163,
    16174,
    17185,
    18196,
    19207
  ],
  "distribution": {
    "x": {
      "min": -4.2027387619018555,
      "p01": -2.78471266746521,
      "p50": -0.1062300056219101,
      "p99": 2.787338905334472,
      "max": 4.059639930725098,
      "mean": -0.10891847504311916,
      "std": 1.0289008590031903
    },
    "y": {
      "min": -2.3737893104553223,
      "p01": -2.2814646911621095,
      "p50": 0.6563646793365479,
      "p99": 0.802948722839355,
      "max": 0.9288814067840576,
      "mean": 0.013454758125551393,
      "std": 0.9857443401473687
    },
    "z": {
      "min": -1.4731338024139404,
      "p01": -0.959847960472107,
      "p50": -0.8205801844596863,
      "p99": 2.115808448791504,
      "max": 2.4369890689849854,
      "mean": -0.021999956985959582,
      "std": 0.991750203909461
    },
    "rot6d_0": {
      "min": 0.20579035580158234,
      "p01": 0.2523129653930664,
      "p50": 0.3926297426223755,
      "p99": 0.49734304547309877,
      "max": 0.5266764163970947,
      "mean": 0.39112954280425016,
      "std": 0.05000698588716896
    },
    "rot6d_1": {
      "min": 0.6536872386932373,
      "p01": 0.6999439382553101,
      "p50": 0.7803229689598083,
      "p99": 0.9490130138397217,
      "max": 0.9631264209747314,
      "mean": 0.8095906843711267,
      "std": 0.07046410177195003
    },
    "rot6d_2": {
      "min": -0.6750258803367615,
      "p01": -0.559522249698639,
      "p50": -0.5216145515441895,
      "p99": 0.3179888904094696,
      "max": 0.34065568447113037,
      "mean": -0.2893068480448627,
      "std": 0.3168852533809741
    },
    "rot6d_3": {
      "min": -0.8663338422775269,
      "p01": -0.8393868732452393,
      "p50": -0.7454290986061096,
      "p99": -0.6514172196388245,
      "max": -0.5604165196418762,
      "mean": -0.7447998338704447,
      "std": 0.03758324195975537
    },
    "rot6d_4": {
      "min": 0.03501655533909798,
      "p01": 0.07429190814495086,
      "p50": 0.5480572581291199,
      "p99": 0.6765556240081787,
      "max": 0.6995493769645691,
      "mean": 0.46173767028961776,
      "std": 0.18270531728120532
    },
    "rot6d_5": {
      "min": 0.12447967380285263,
      "p01": 0.2385069000720978,
      "p50": 0.3087058961391449,
      "p99": 0.7113255834579467,
      "max": 0.7743064165115356,
      "mean": 0.41619735369425387,
      "std": 0.15510499965195337
    },
    "gripper": {
      "min": 0.0,
      "p01": 0.0,
      "p50": 0.0,
      "p99": 0.0,
      "max": 0.0,
      "mean": 0.0,
      "std": 0.0
    }
  },
  "bound_violations": {
    "x": {
      "count": 1,
      "ratio": 5.1983157456983934e-05
    },
    "y": {
      "count": 2,
      "ratio": 0.00010396631491396787
    },
    "z": {
      "count": 1,
      "ratio": 5.1983157456983934e-05
    },
    "rot6d_0": {
      "count": 2,
      "ratio": 0.00010396631491396787
    },
    "rot6d_1": {
      "count": 1,
      "ratio": 5.1983157456983934e-05
    },
    "rot6d_2": {
      "count": 0,
      "ratio": 0.0
    },
    "rot6d_3": {
      "count": 1,
      "ratio": 5.1983157456983934e-05
    },
    "rot6d_4": {
      "count": 1,
      "ratio": 5.1983157456983934e-05
    },
    "rot6d_5": {
      "count": 2,
      "ratio": 0.00010396631491396787
    },
    "gripper": {
      "count": 0,
      "ratio": 0.0
    }
  },
  "segment_metrics": [
    {
      "start": 0,
      "end": 30,
      "length": 30,
      "max_xyz_step_norm": 0.0001992998306739412,
      "max_rot6d_step_norm": 1.7748527829514295e-05,
      "max_gripper_step_abs": 0.0
    },
    {
      "start": 1011,
      "end": 1041,
      "length": 30,
      "max_xyz_step_norm": 0.14933142315264922,
      "max_rot6d_step_norm": 0.028346097924277027,
      "max_gripper_step_abs": 0.0
    },
    {
      "start": 2022,
      "end": 2052,
      "length": 30,
      "max_xyz_step_norm": 0.2606563899952386,
      "max_rot6d_step_norm": 0.04702515830410672,
      "max_gripper_step_abs": 0.0
    },
    {
      "start": 3033,
      "end": 3063,
      "length": 30,
      "max_xyz_step_norm": 0.0904156054981219,
      "max_rot6d_step_norm": 0.01275078739701799,
      "max_gripper_step_abs": 0.0
    },
    {
      "start": 4044,
      "end": 4074,
      "length": 30,
      "max_xyz_step_norm": 0.01097483243467118,
      "max_rot6d_step_norm": 0.0008336638138961205,
      "max_gripper_step_abs": 0.0
    },
    {
      "start": 5054,
      "end": 5084,
      "length": 30,
      "max_xyz_step_norm": 0.18397368214221438,
      "max_rot6d_step_norm": 0.03395784008548218,
      "max_gripper_step_abs": 0.0
    },
    {
      "start": 6065,
      "end": 6095,
      "length": 30,
      "max_xyz_step_norm": 0.10842923094631521,
      "max_rot6d_step_norm": 0.014053246830392245,
      "max_gripper_step_abs": 0.0
    },
    {
      "start": 7076,
      "end": 7106,
      "length": 30,
      "max_xyz_step_norm": 0.03688862740247388,
      "max_rot6d_step_norm": 0.006347865446635155,
      "max_gripper_step_abs": 0.0
    },
    {
      "start": 8087,
      "end": 8117,
      "length": 30,
      "max_xyz_step_norm": 0.06481062588935205,
      "max_rot6d_step_norm": 0.005715858171118023,
      "max_gripper_step_abs": 0.0
    },
    {
      "start": 9098,
      "end": 9128,
      "length": 30,
      "max_xyz_step_norm": 0.08891626530830021,
      "max_rot6d_step_norm": 0.015958457382919657,
      "max_gripper_step_abs": 0.0
    },
    {
      "start": 10109,
      "end": 10139,
      "length": 30,
      "max_xyz_step_norm": 0.13288411042191609,
      "max_rot6d_step_norm": 0.010739071205454555,
      "max_gripper_step_abs": 0.0
    },
    {
      "start": 11120,
      "end": 11150,
      "length": 30,
      "max_xyz_step_norm": 0.05563899132444864,
      "max_rot6d_step_norm": 0.00834449859208815,
      "max_gripper_step_abs": 0.0
    },
    {
      "start": 12131,
      "end": 12161,
      "length": 30,
      "max_xyz_step_norm": 0.13722093052569467,
      "max_rot6d_step_norm": 0.018588508456139193,
      "max_gripper_step_abs": 0.0
    },
    {
      "start": 13142,
      "end": 13172,
      "length": 30,
      "max_xyz_step_norm": 0.03503100720556412,
      "max_rot6d_step_norm": 0.003262818008413554,
      "max_gripper_step_abs": 0.0
    },
    {
      "start": 14153,
      "end": 14183,
      "length": 30,
      "max_xyz_step_norm": 0.33663920354460286,
      "max_rot6d_step_norm": 0.04841971690978576,
      "max_gripper_step_abs": 0.0
    },
    {
      "start": 15163,
      "end": 15193,
      "length": 30,
      "max_xyz_step_norm": 0.12144138118690963,
      "max_rot6d_step_norm": 0.024964841094434767,
      "max_gripper_step_abs": 0.0
    },
    {
      "start": 16174,
      "end": 16204,
      "length": 30,
      "max_xyz_step_norm": 0.1427930786905885,
      "max_rot6d_step_norm": 0.015061974419662602,
      "max_gripper_step_abs": 0.0
    },
    {
      "start": 17185,
      "end": 17215,
      "length": 30,
      "max_xyz_step_norm": 0.14401831818230396,
      "max_rot6d_step_norm": 0.03232695972089227,
      "max_gripper_step_abs": 0.0
    },
    {
      "start": 18196,
      "end": 18226,
      "length": 30,
      "max_xyz_step_norm": 0.17198539009318897,
      "max_rot6d_step_norm": 0.014441879761734321,
      "max_gripper_step_abs": 0.0
    },
    {
      "start": 19207,
      "end": 19237,
      "length": 30,
      "max_xyz_step_norm": 0.0013936535522735944,
      "max_rot6d_step_norm": 0.00014885392189981328,
      "max_gripper_step_abs": 0.0
    }
  ]
}