{
  "num_chunks": 25,
  "chunk_size": 8,
  "num_steps": 200,
  "action_dim": 10,
  "overall": {
    "mae": 0.030356252716549646,
    "rmse": 0.08759378013605872,
    "max_abs": 0.8058887720108032
  },
  "per_dim": {
    "x": {
      "mae": 0.18595286104944533,
      "rmse": 0.264548746756765,
      "max_abs": 0.8058887720108032
    },
    "y": {
      "mae": 0.028065669242641887,
      "rmse": 0.03685877060288821,
      "max_abs": 0.14447525143623352
    },
    "z": {
      "mae": 0.04648307080380618,
      "rmse": 0.06782857632889354,
      "max_abs": 0.31195520609617233
    },
    "rot6d_0": {
      "mae": 0.005545374602079391,
      "rmse": 0.008695386712967677,
      "max_abs": 0.04020565748214722
    },
    "rot6d_1": {
      "mae": 0.0035931569337844848,
      "rmse": 0.005291775904632361,
      "max_abs": 0.023116707801818848
    },
    "rot6d_2": {
      "mae": 0.008965700417757034,
      "rmse": 0.0131800573079166,
      "max_abs": 0.05907626077532768
    },
    "rot6d_3": {
      "mae": 0.006972250044345856,
      "rmse": 0.010485292725445463,
      "max_abs": 0.039995431900024414
    },
    "rot6d_4": {
      "mae": 0.005569295883178711,
      "rmse": 0.007407053596297067,
      "max_abs": 0.025615036487579346
    },
    "rot6d_5": {
      "mae": 0.012415148168802261,
      "rmse": 0.018418650277272824,
      "max_abs": 0.0660039484500885
    },
    "gripper": {
      "mae": 1.965533788916699e-11,
      "rmse": 2.966948538056188e-11,
      "max_abs": 7.510393695842055e-11
    }
  }
}