{
  "num_chunks": 2,
  "chunk_size": 8,
  "num_steps": 16,
  "action_dim": 10,
  "overall": {
    "mae": 0.004746884294496254,
    "rmse": 0.0092386990544766,
    "max_abs": 0.04152113199234009
  },
  "per_dim": {
    "x": {
      "mae": 0.016957320272922516,
      "rmse": 0.019563041790621655,
      "max_abs": 0.03513416647911072
    },
    "y": {
      "mae": 0.004587702453136444,
      "rmse": 0.005507344183428136,
      "max_abs": 0.010076522827148438
    },
    "z": {
      "mae": 0.01605607196688652,
      "rmse": 0.020278775587984754,
      "max_abs": 0.04152113199234009
    },
    "rot6d_0": {
      "mae": 0.001149071380496025,
      "rmse": 0.001599136978184222,
      "max_abs": 0.003912746906280518
    },
    "rot6d_1": {
      "mae": 0.0017820484936237335,
      "rmse": 0.0018919419541904956,
      "max_abs": 0.002836942672729492
    },
    "rot6d_2": {
      "mae": 0.0010404400527477264,
      "rmse": 0.0014663527446533656,
      "max_abs": 0.003643035888671875
    },
    "rot6d_3": {
      "mae": 0.001027371734380722,
      "rmse": 0.0012332133407559336,
      "max_abs": 0.0021702051162719727
    },
    "rot6d_4": {
      "mae": 0.0007799230515956879,
      "rmse": 0.001040362859001625,
      "max_abs": 0.0028108954429626465
    },
    "rot6d_5": {
      "mae": 0.004088893532752991,
      "rmse": 0.004286417497245174,
      "max_abs": 0.006292223930358887
    },
    "gripper": {
      "mae": 6.420165234947289e-12,
      "rmse": 8.141675350756162e-12,
      "max_abs": 1.4952421245606473e-11
    }
  }
}